Modeled Breakpoint Category,Possible Contributing Condition,Potential Downstream Effect To Investigate,Student Practice Control Idea,Example Measure
Handoff Closure Gap,Responsibility or next action is not clearly transferred,Follow-up delay patient confusion or repeated staff work,Model a closed-loop handoff checklist with acceptance and open-item status,Handoff closure rate
Duplicate Manual Entry,The same information is entered in more than one workflow location,Rework inconsistent data or additional verification effort,Standardize fields and identify where duplicate entry could be reduced,Duplicate manual entry rate
Documentation Readiness Gap,Information needed for the next administrative step is incomplete or unclear,Additional clarification routing delay or rework,Model a documentation-readiness checklist and routing step,Documentation readiness rate
Authorization Aging Gap,A simulated authorization remains unresolved without a visible follow-up trigger,Patient-facing scheduling delay risk repeated follow-up or downstream claim-readiness risk,Model aging visibility assigned ownership and escalation checkpoints,Authorization aging days
Manual Escalation Dependence,Escalation depends on memory or informal follow-up,Inconsistent follow-through missed internal targets or repeated status checks,Model a documented escalation pathway with owner and due date,Escalation response time
Work Queue Visibility Gap,Open work is not clearly visible by status age or ownership,Bottlenecks repeated status checks or uneven workload may be harder to identify,Model a queue view using synthetic workload and aging indicators,Modeled work queue volume
Eligibility Exception Gap,An eligibility discrepancy is identified but not fully closed before the next step,Patient billing confusion rework scheduling uncertainty or claim-readiness risk may follow,Model Detect → Document → Assign → Act → Verify → Close → Advance,Eligibility exception closure rate
Authorization-Service Alignment Gap,The simulated authorized service date or scope may not align with the planned service,Follow-up rework or claim-readiness review may be needed,Model an authorization-to-service alignment check before downstream release,Authorization alignment exception rate
Operational Visibility Gap,Only late downstream signals are visible in the simulated review,Earlier intervention opportunities may be missed and repeated issues may be harder to recognize,Model an upstream exception and aging dashboard,Upstream exception rate
Repeated Rework Pattern,The same simulated issue is corrected case by case without pattern review,Staff effort and patient-facing friction may recur,Log recurring exceptions and review common themes over time,Rework rate
